[
    {
        "idComarca": 8,
        "dsComarca": "ABARE"
    },
    {
        "idComarca": 18,
        "dsComarca": "ACAJUTIBA"
    },
    {
        "idComarca": 92,
        "dsComarca": "ALAGOINHAS"
    },
    {
        "idComarca": 99,
        "dsComarca": "ALCOBACA"
    },
    {
        "idComarca": 191,
        "dsComarca": "AMARGOSA"
    },
    {
        "idComarca": 193,
        "dsComarca": "AMELIA RODRIGUES"
    },
    {
        "idComarca": 208,
        "dsComarca": "ANAGE"
    },
    {
        "idComarca": 223,
        "dsComarca": "ANDARAI"
    },
    {
        "idComarca": 235,
        "dsComarca": "ANGICAL"
    },
    {
        "idComarca": 251,
        "dsComarca": "ANTAS"
    },
    {
        "idComarca": 297,
        "dsComarca": "ARACI"
    },
    {
        "idComarca": 424,
        "dsComarca": "AURELINO LEAL"
    },
    {
        "idComarca": 451,
        "dsComarca": "BAIANOPOLIS"
    },
    {
        "idComarca": 453,
        "dsComarca": "BAIXA GRANDE"
    },
    {
        "idComarca": 498,
        "dsComarca": "BARRA"
    },
    {
        "idComarca": 502,
        "dsComarca": "BARRA DA ESTIVA"
    },
    {
        "idComarca": 512,
        "dsComarca": "BARRA DO CHOCA"
    },
    {
        "idComarca": 517,
        "dsComarca": "BARRA DO MENDES"
    },
    {
        "idComarca": 534,
        "dsComarca": "BARREIRAS"
    },
    {
        "idComarca": 581,
        "dsComarca": "BELMONTE"
    },
    {
        "idComarca": 582,
        "dsComarca": "BELO CAMPO"
    },
    {
        "idComarca": 629,
        "dsComarca": "BOA NOVA"
    },
    {
        "idComarca": 669,
        "dsComarca": "BOM JESUS DA LAPA"
    },
    {
        "idComarca": 713,
        "dsComarca": "BOQUIRA"
    },
    {
        "idComarca": 765,
        "dsComarca": "BREJOES"
    },
    {
        "idComarca": 773,
        "dsComarca": "BROTAS DE MACAUBAS"
    },
    {
        "idComarca": 775,
        "dsComarca": "BRUMADO"
    },
    {
        "idComarca": 781,
        "dsComarca": "BUERAREMA"
    },
    {
        "idComarca": 827,
        "dsComarca": "CACHOEIRA"
    },
    {
        "idComarca": 854,
        "dsComarca": "CACULE"
    },
    {
        "idComarca": 860,
        "dsComarca": "CAETITE"
    },
    {
        "idComarca": 902,
        "dsComarca": "CAMACÃ"
    },
    {
        "idComarca": 903,
        "dsComarca": "CAMACARI"
    },
    {
        "idComarca": 906,
        "dsComarca": "CAMAMU"
    },
    {
        "idComarca": 958,
        "dsComarca": "CAMPO FORMOSO"
    },
    {
        "idComarca": 996,
        "dsComarca": "CANARANA"
    },
    {
        "idComarca": 999,
        "dsComarca": "CANAVIEIRAS"
    },
    {
        "idComarca": 1001,
        "dsComarca": "CANDEIAS"
    },
    {
        "idComarca": 1011,
        "dsComarca": "CANDIDO SALES"
    },
    {
        "idComarca": 1025,
        "dsComarca": "CANSANCAO"
    },
    {
        "idComarca": 1045,
        "dsComarca": "CAPELA DO ALTO ALEGRE"
    },
    {
        "idComarca": 1051,
        "dsComarca": "CAPIM GROSSO"
    },
    {
        "idComarca": 1088,
        "dsComarca": "CARAVELAS"
    },
    {
        "idComarca": 1100,
        "dsComarca": "CARINHANHA"
    },
    {
        "idComarca": 1142,
        "dsComarca": "CASA NOVA"
    },
    {
        "idComarca": 1163,
        "dsComarca": "CASTRO ALVES"
    },
    {
        "idComarca": 1177,
        "dsComarca": "CATU"
    },
    {
        "idComarca": 1203,
        "dsComarca": "CENTRAL"
    },
    {
        "idComarca": 1251,
        "dsComarca": "CHORROCHO"
    },
    {
        "idComarca": 1256,
        "dsComarca": "CICERO DANTAS"
    },
    {
        "idComarca": 1261,
        "dsComarca": "CIPO"
    },
    {
        "idComarca": 1270,
        "dsComarca": "COARACI"
    },
    {
        "idComarca": 1278,
        "dsComarca": "COCOS"
    },
    {
        "idComarca": 1312,
        "dsComarca": "CONCEICAO DA FEIRA"
    },
    {
        "idComarca": 1317,
        "dsComarca": "CONCEICAO DO ALMEIDA"
    },
    {
        "idComarca": 1321,
        "dsComarca": "CONCEICAO DO COITE"
    },
    {
        "idComarca": 1322,
        "dsComarca": "CONCEICAO DO JACUIPE"
    },
    {
        "idComarca": 1335,
        "dsComarca": "CONDE"
    },
    {
        "idComarca": 1337,
        "dsComarca": "CONDEUBA"
    },
    {
        "idComarca": 1360,
        "dsComarca": "CORACAO DE MARIA"
    },
    {
        "idComarca": 1371,
        "dsComarca": "CORIBE"
    },
    {
        "idComarca": 1402,
        "dsComarca": "CORRENTINA"
    },
    {
        "idComarca": 1416,
        "dsComarca": "COTEGIPE"
    },
    {
        "idComarca": 1455,
        "dsComarca": "CRUZ DAS ALMAS"
    },
    {
        "idComarca": 1485,
        "dsComarca": "CURACA"
    },
    {
        "idComarca": 1538,
        "dsComarca": "DIAS D ÁVILA"
    },
    {
        "idComarca": 1640,
        "dsComarca": "ENCRUZILHADA"
    },
    {
        "idComarca": 1651,
        "dsComarca": "ENTRE RIOS"
    },
    {
        "idComarca": 1686,
        "dsComarca": "ESPLANADA"
    },
    {
        "idComarca": 1704,
        "dsComarca": "EUCLIDES DA CUNHA"
    },
    {
        "idComarca": 1708,
        "dsComarca": "EUNAPOLIS"
    },
    {
        "idComarca": 1737,
        "dsComarca": "FEIRA DE SANTANA"
    },
    {
        "idComarca": 1801,
        "dsComarca": "FORMOSA DO RIO PRETO"
    },
    {
        "idComarca": 1858,
        "dsComarca": "GANDU"
    },
    {
        "idComarca": 1881,
        "dsComarca": "GENTIO DO OURO"
    },
    {
        "idComarca": 1926,
        "dsComarca": "GOVERNADOR MANGABEIRA"
    },
    {
        "idComarca": 1965,
        "dsComarca": "GUANAMBI"
    },
    {
        "idComarca": 2002,
        "dsComarca": "GUARATINGA"
    },
    {
        "idComarca": 2052,
        "dsComarca": "IACU"
    },
    {
        "idComarca": 2071,
        "dsComarca": "IBICARAI"
    },
    {
        "idComarca": 2074,
        "dsComarca": "IBICUI"
    },
    {
        "idComarca": 2088,
        "dsComarca": "IBIRAPITANGA"
    },
    {
        "idComarca": 2089,
        "dsComarca": "IBIRAPUA"
    },
    {
        "idComarca": 2092,
        "dsComarca": "IBIRATAIA"
    },
    {
        "idComarca": 2102,
        "dsComarca": "IBOTIRAMA"
    },
    {
        "idComarca": 2115,
        "dsComarca": "IGAPORA"
    },
    {
        "idComarca": 2131,
        "dsComarca": "IGUAI"
    },
    {
        "idComarca": 2146,
        "dsComarca": "ILHEUS"
    },
    {
        "idComarca": 2181,
        "dsComarca": "INHAMBUPE"
    },
    {
        "idComarca": 2205,
        "dsComarca": "IPIAU"
    },
    {
        "idComarca": 2208,
        "dsComarca": "IPIRA"
    },
    {
        "idComarca": 2242,
        "dsComarca": "IRAQUARA"
    },
    {
        "idComarca": 2243,
        "dsComarca": "IRARA"
    },
    {
        "idComarca": 2247,
        "dsComarca": "IRECE"
    },
    {
        "idComarca": 2259,
        "dsComarca": "ITABELA"
    },
    {
        "idComarca": 2261,
        "dsComarca": "ITABERABA"
    },
    {
        "idComarca": 2268,
        "dsComarca": "ITABUNA"
    },
    {
        "idComarca": 2272,
        "dsComarca": "ITACARE"
    },
    {
        "idComarca": 2277,
        "dsComarca": "ITAGI"
    },
    {
        "idComarca": 2278,
        "dsComarca": "ITAGIBA"
    },
    {
        "idComarca": 2279,
        "dsComarca": "ITAGIMIRIM"
    },
    {
        "idComarca": 2305,
        "dsComarca": "ITAJUIPE"
    },
    {
        "idComarca": 2308,
        "dsComarca": "ITAMARAJU"
    },
    {
        "idComarca": 2317,
        "dsComarca": "ITAMBE"
    },
    {
        "idComarca": 2324,
        "dsComarca": "ITANHEM"
    },
    {
        "idComarca": 2332,
        "dsComarca": "ITAPARICA"
    },
    {
        "idComarca": 2334,
        "dsComarca": "ITAPEBI"
    },
    {
        "idComarca": 2344,
        "dsComarca": "ITAPETINGA"
    },
    {
        "idComarca": 2349,
        "dsComarca": "ITAPICURU"
    },
    {
        "idComarca": 2358,
        "dsComarca": "ITAPITANGA"
    },
    {
        "idComarca": 2379,
        "dsComarca": "ITARANTIM"
    },
    {
        "idComarca": 2406,
        "dsComarca": "ITIRUCU"
    },
    {
        "idComarca": 2407,
        "dsComarca": "ITIUBA"
    },
    {
        "idComarca": 2409,
        "dsComarca": "ITORORO"
    },
    {
        "idComarca": 2411,
        "dsComarca": "ITUACU"
    },
    {
        "idComarca": 2412,
        "dsComarca": "ITUBERA"
    },
    {
        "idComarca": 2442,
        "dsComarca": "JACARACI"
    },
    {
        "idComarca": 2452,
        "dsComarca": "JACOBINA"
    },
    {
        "idComarca": 2461,
        "dsComarca": "JAGUAQUARA"
    },
    {
        "idComarca": 2464,
        "dsComarca": "JAGUARARI"
    },
    {
        "idComarca": 2471,
        "dsComarca": "JAGUARIPE"
    },
    {
        "idComarca": 2537,
        "dsComarca": "JEQUIE"
    },
    {
        "idComarca": 2541,
        "dsComarca": "JEREMOABO"
    },
    {
        "idComarca": 2551,
        "dsComarca": "JIQUIRICA"
    },
    {
        "idComarca": 2552,
        "dsComarca": "JITAUNA"
    },
    {
        "idComarca": 2561,
        "dsComarca": "JOAO DOURADO"
    },
    {
        "idComarca": 2592,
        "dsComarca": "JUAZEIRO"
    },
    {
        "idComarca": 2627,
        "dsComarca": "JUSSARA"
    },
    {
        "idComarca": 2685,
        "dsComarca": "LAJE"
    },
    {
        "idComarca": 2705,
        "dsComarca": "LAPAO"
    },
    {
        "idComarca": 2716,
        "dsComarca": "LAURO DE FREITAS"
    },
    {
        "idComarca": 2728,
        "dsComarca": "LENCOIS"
    },
    {
        "idComarca": 2798,
        "dsComarca": "MACARANI"
    },
    {
        "idComarca": 2802,
        "dsComarca": "MACAUBAS"
    },
    {
        "idComarca": 2826,
        "dsComarca": "MAIRI"
    },
    {
        "idComarca": 2884,
        "dsComarca": "MARACAS"
    },
    {
        "idComarca": 2886,
        "dsComarca": "MARAGOGIPE"
    },
    {
        "idComarca": 2895,
        "dsComarca": "MARAU"
    },
    {
        "idComarca": 2957,
        "dsComarca": "MATA DE SAO JOAO"
    },
    {
        "idComarca": 3000,
        "dsComarca": "MEDEIROS NETO"
    },
    {
        "idComarca": 3018,
        "dsComarca": "MIGUEL CALMON"
    },
    {
        "idComarca": 3022,
        "dsComarca": "MILAGRES"
    },
    {
        "idComarca": 3118,
        "dsComarca": "MONTE SANTO"
    },
    {
        "idComarca": 3149,
        "dsComarca": "MORRO DO CHAPEU"
    },
    {
        "idComarca": 3166,
        "dsComarca": "MUCUGE"
    },
    {
        "idComarca": 3168,
        "dsComarca": "MUCURI"
    },
    {
        "idComarca": 3177,
        "dsComarca": "MUNDO NOVO"
    },
    {
        "idComarca": 3189,
        "dsComarca": "MURITIBA"
    },
    {
        "idComarca": 3191,
        "dsComarca": "MUTUIPE"
    },
    {
        "idComarca": 3210,
        "dsComarca": "NAZARE"
    },
    {
        "idComarca": 3236,
        "dsComarca": "NORDESTINA"
    },
    {
        "idComarca": 3266,
        "dsComarca": "NOVA CANAA"
    },
    {
        "idComarca": 3283,
        "dsComarca": "NOVA FATIMA"
    },
    {
        "idComarca": 3336,
        "dsComarca": "NOVA SOURE"
    },
    {
        "idComarca": 3346,
        "dsComarca": "NOVA VICOSA"
    },
    {
        "idComarca": 3402,
        "dsComarca": "OLINDINA"
    },
    {
        "idComarca": 3406,
        "dsComarca": "OLIVEIRA DOS BREJINHOS"
    },
    {
        "idComarca": 3487,
        "dsComarca": "PALMAS DE MONTE ALTO"
    },
    {
        "idComarca": 3497,
        "dsComarca": "PALMEIRAS"
    },
    {
        "idComarca": 3539,
        "dsComarca": "PARAMIRIM"
    },
    {
        "idComarca": 3559,
        "dsComarca": "PARATINGA"
    },
    {
        "idComarca": 3570,
        "dsComarca": "PARIPIRANGA"
    },
    {
        "idComarca": 3609,
        "dsComarca": "PAU BRASIL"
    },
    {
        "idComarca": 3625,
        "dsComarca": "PAULO AFONSO"
    },
    {
        "idComarca": 3634,
        "dsComarca": "PE DE SERRA"
    },
    {
        "idComarca": 3720,
        "dsComarca": "PIATA"
    },
    {
        "idComarca": 3733,
        "dsComarca": "PILAO ARCADO"
    },
    {
        "idComarca": 3749,
        "dsComarca": "PINDOBACU"
    },
    {
        "idComarca": 3812,
        "dsComarca": "PIRITIBA"
    },
    {
        "idComarca": 3830,
        "dsComarca": "PLANALTO"
    },
    {
        "idComarca": 3847,
        "dsComarca": "POCOES"
    },
    {
        "idComarca": 3851,
        "dsComarca": "POJUCA"
    },
    {
        "idComarca": 3925,
        "dsComarca": "PORTO SEGURO"
    },
    {
        "idComarca": 3946,
        "dsComarca": "PRADO"
    },
    {
        "idComarca": 3966,
        "dsComarca": "PRESIDENTE DUTRA"
    },
    {
        "idComarca": 3971,
        "dsComarca": "PRESIDENTE JANIO QUADROS"
    },
    {
        "idComarca": 4019,
        "dsComarca": "QUEIMADAS"
    },
    {
        "idComarca": 4073,
        "dsComarca": "REMANSO"
    },
    {
        "idComarca": 4086,
        "dsComarca": "RETIROLANDIA"
    },
    {
        "idComarca": 4089,
        "dsComarca": "RIACHAO DAS NEVES"
    },
    {
        "idComarca": 4091,
        "dsComarca": "RIACHAO DO JACUIPE"
    },
    {
        "idComarca": 4097,
        "dsComarca": "RIACHO DE SANTANA"
    },
    {
        "idComarca": 4112,
        "dsComarca": "RIBEIRA DO POMBAL"
    },
    {
        "idComarca": 4154,
        "dsComarca": "RIO DE CONTAS"
    },
    {
            "idComarca": 4189,
            "dsComarca": "RIO REAL"
    },
    {
        "idComarca": 4240,
        "dsComarca": "RUY BARBOSA"
    },
    {
        "idComarca": 4278,
        "dsComarca": "SALVADOR"
    },
    {
        "idComarca": 4294,
        "dsComarca": "SANTA BARBARA"
    },
    {
        "idComarca": 4313,
        "dsComarca": "SANTA CRUZ CABRALIA"
    },
    {
        "idComarca": 4348,
        "dsComarca": "SANTA INES"
    },
    {
        "idComarca": 4362,
        "dsComarca": "SANTA LUZIA"
    },
    {
        "idComarca": 4376,
        "dsComarca": "SANTA MARIA DA VITORIA"
    },
    {
        "idComarca": 4397,
        "dsComarca": "SANTA RITA DE CASSIA"
    },
    {
        "idComarca": 4420,
        "dsComarca": "SANTA TERESINHA"
    },
    {
        "idComarca": 4435,
        "dsComarca": "SANTALUZ"
    },
    {
        "idComarca": 4436,
        "dsComarca": "SANTANA"
    },
    {
        "idComarca": 4472,
        "dsComarca": "SANTO AMARO"
    },
    {
        "idComarca": 4487,
        "dsComarca": "SANTO ANTONIO DE JESUS"
    },
    {
        "idComarca": 4515,
        "dsComarca": "SANTO ESTEVAO"
    },
    {
        "idComarca": 4553,
        "dsComarca": "SAO DESIDERIO"
    },
    {
        "idComarca": 4568,
        "dsComarca": "SAO FELIPE"
    },
    {
        "idComarca": 4570,
        "dsComarca": "SAO FELIX"
    },
    {
        "idComarca": 4592,
        "dsComarca": "SAO FRANCISCO DO CONDE"
    },
    {
        "idComarca": 4601,
        "dsComarca": "SAO GABRIEL"
    },
    {
        "idComarca": 4619,
        "dsComarca": "SAO GONCALO DOS CAMPOS"
    },
    {
        "idComarca": 4841,
        "dsComarca": "SAO SEBASTIAO DO PASSE"
    },
    {
        "idComarca": 4867,
        "dsComarca": "SAPEACU"
    },
    {
        "idComarca": 4888,
        "dsComarca": "SAUDE"
    },
    {
        "idComarca": 4890,
        "dsComarca": "SEABRA"
    },
    {
        "idComarca": 4920,
        "dsComarca": "SENHOR DO BONFIM"
    },
    {
        "idComarca": 4925,
        "dsComarca": "SENTO SE"
    },
    {
        "idComarca": 4947,
        "dsComarca": "SERRA DOURADA"
    },
    {
        "idComarca": 4951,
        "dsComarca": "SERRA PRETA"
    },
    {
        "idComarca": 4962,
        "dsComarca": "SERRINHA"
    },
    {
        "idComarca": 4997,
        "dsComarca": "SIMOES FILHO"
    },
    {
        "idComarca": 5013,
        "dsComarca": "SOBRADINHO"
    },
    {
        "idComarca": 5084,
        "dsComarca": "TANHACU"
    },
    {
        "idComarca": 5087,
        "dsComarca": "TANQUE NOVO"
    },
    {
        "idComarca": 5095,
        "dsComarca": "TAPEROA"
    },
    {
        "idComarca": 5130,
        "dsComarca": "TEIXEIRA DE FREITAS"
    },
    {
        "idComarca": 5144,
        "dsComarca": "TEOFILANDIA"
    },
    {
        "idComarca": 5157,
        "dsComarca": "TERRA NOVA"
    },
    {
        "idComarca": 5215,
        "dsComarca": "TREMEDAL"
    },
    {
        "idComarca": 5247,
        "dsComarca": "TUCANO"
    },
    {
        "idComarca": 5285,
        "dsComarca": "UAUA"
    },
    {
        "idComarca": 5288,
        "dsComarca": "UBAIRA"
    },
    {
        "idComarca": 5289,
        "dsComarca": "UBAITABA"
    },
    {
        "idComarca": 5293,
        "dsComarca": "UBATA"
    },
    {
        "idComarca": 5314,
        "dsComarca": "UNA"
    },
    {
        "idComarca": 5328,
        "dsComarca": "URANDI"
    },
    {
        "idComarca": 5340,
        "dsComarca": "URUCUCA"
    },
    {
        "idComarca": 5351,
        "dsComarca": "UTINGA"
    },
    {
        "idComarca": 5359,
        "dsComarca": "VALENCA"
    },
    {
        "idComarca": 5361,
        "dsComarca": "VALENTE"
    },
    {
        "idComarca": 5475,
        "dsComarca": "VITORIA DA CONQUISTA"
    },
    {
        "idComarca": 5490,
        "dsComarca": "WANDERLEY"
    },
    {
        "idComarca": 5493,
        "dsComarca": "WENCESLAU GUIMARAES"
    },
    {
        "idComarca": 5504,
        "dsComarca": "XIQUE-XIQUE"
    },
    {
        "idComarca": 5623,
        "dsComarca": "LIVRAMENTO DE NOSSA SENHORA"
    },
    {
        "idComarca": 5671,
        "dsComarca": "LUIS EDUARDO MAGALHAES"
    },
    {
        "idComarca": 9999,
        "dsComarca": "NAO AJUSTADO"
    }
]